{
  "30": {
    "tau": 0.019317,
    "se_listing": 0.000616,
    "p_listing": 0.0,
    "se_city": 0.017906,
    "p_city": 0.2807,
    "p_bootstrap": 0.1832,
    "n": 7473139
  },
  "45": {
    "tau": 0.009549,
    "se_listing": 0.000704,
    "p_listing": 0.0,
    "se_city": 0.008449,
    "p_city": 0.2584,
    "p_bootstrap": 0.1471,
    "n": 11184927
  },
  "60": {
    "tau": 0.006673,
    "se_listing": 0.000719,
    "p_listing": 0.0,
    "se_city": 0.006124,
    "p_city": 0.2759,
    "p_bootstrap": 0.1512,
    "n": 14896717
  },
  "90": {
    "tau": 0.005113,
    "se_listing": 0.000768,
    "p_listing": 0.0,
    "se_city": 0.005215,
    "p_city": 0.3269,
    "p_bootstrap": 0.1982,
    "n": 22228725
  }
}